datetime,submission,selftext,positive_score,negative_score
2022-12-17 01:34:32,znuwn7,"Can Crypto Exchanges Survive The Bear Market?
According to Finbold. A total of 25 crypto exchanges closed down by July 2022 during the bear market. The exchanges that shut shop were smaller and newly launched platforms that couldn’t sustaining losses.

",0.0,0.6748697757720947
2022-05-11 01:13:02,umxvgg,"Trying to be a whole coiner
I can't wait for the day way in the future when my grandkids ask, ""Grandpa, tell us the story again of how you managed to get one whole Bitcoin.""",0.0,0.0
2022-01-25 23:19:24,scquwo,"GBTC after hours today GLITCH?
The after hours price is up like crazy for gbtc and ethe. I recall this happening before???",0.9978488683700562,0.0
2022-09-22 14:40:56,xl39c9,"Nuclear weapons
What would happen to bitcoin if Putin use nuclear weapon?",0.0,0.0
2022-08-09 10:07:02,wjzg8a,"Whatbattracted you to ₿itcoin?
I was thinking about it earlier today for what about Bitcoin is it that I like so much.

It's a number of things, but really I think it's my punk rock heart from my younger days when I was anti government, worried about the NWO and ect. that really hooked me in. Lol",0.0,0.0
